"Mme";"Lilith";"Fischer";"Ekoloclast";"Paris";"Communication";"-";"Directrice communication";"Karim";"Kim";"P0702";"28/06/1988";"0186363311";"0666052403";"non"
"Mme";"Alba";"Andersen";"Ekoloclast";"Paris";"Communication";"Publicité";"Publicitaire";"Lilith";"Fischer";"P0655";"12/10/1975";"0173298288";"0639019377";"non"
"M.";"Amir";"Bakir";"StudioOne";"Paris";"Communication";"Publicité";"Caméraman";"Lilith";"Fischer";"-";"21/07/1998";"-";"-";"-"
"Mme";"Aria";"Bianchi";"Ekoloclast";"Paris";"Communication";"Publicité";"Webmaster";"Lilith";"Fischer";"P0070";"14/02/1980";"0156202577";"0776098470";"non"
"Mme";"Aya";"Brunner";"Ekoloclast";"Paris";"Communication";"Publicité";"Publicitaire";"Lilith";"Fischer";"P0051";"24/04/1993";"0194405147";"0682347056";"non"
"M.";"Baran";"Chang";"Ekoloclast";"Paris";"Communication";"Publicité";"Designer graphique";"Lilith";"Fischer";"P0003";"24/09/1985";"0107897943";"0757867820";"non"
"Mme";"Bella";"Colombo";"Ekoloclast";"Paris";"Communication";"Publicité";"Publicitaire";"Lilith";"Fischer";"P0769";"13/05/1999";"0184235070";"0771068451";"non"
"M.";"Boris";"Da Silva";"Ekoloclast";"Paris";"Communication";"Publicité";"photographe";"Lilith";"Fischer";"P0244";"12/01/1998";"0187289774";"0733857081";"non"
"Mme";"Carmen";"Dimitrov";"Imag-In";"Toulouse";"Communication";"Publicité";"Réalisateur";"Lilith";"Fischer";88327;"08/12/1987";"-";"0645220384";"-"
"Mme";"Cleo";"Dupont";"StudioOne";"Paris";"Communication";"Publicité";"Ingénieur son";"Lilith";"Fischer";"-";"07/03/1997";"-";"-";"-"
"Mme";"Dalia";"El-Banna";"Ekoloclast";"Paris";"Communication";"Publicité";"Responsable publicité";"Lilith";"Fischer";"P0125";"12/09/1978";"0119695708";"0627924335";"non"
"M.";"David";"Eriksen";"Ekoloclast";"Paris";"Communication";"Publicité";"Publicitaire";"Lilith";"Fischer";"P0254";"30/07/1985";"0103339623";"0749269032";"non"
"M.";"Dimitri";"Fahim";"Ekoloclast";"Paris";"Communication";"Publicité";"Publicitaire";"Lilith";"Fischer";"P0417";"29/01/1978";"0197212409";"0789291227";"non"
"M.";"Elif";"Fernandez";"Ekoloclast";"Paris";"Communication";"Publicité";"Publicitaire";"Lilith";"Fischer";"P0102";"29/04/1991";"0198905297";"0725602768";"non"
"M.";"Emir";"Garcia";"Ekoloclast";"Paris";"Communication";"Publicité";"Designer graphique";"Lilith";"Fischer";"P0681";"10/09/1989";"0177562105";"0788510223";"non"
"M.";"Abel";"Abe";"Ekoloclast";"Paris";"Communication";"Relation Publique et Presse";"Chargé de presse";"Lilith";"Fischer";"P0600";"31/05/1998";"0116497651";"0796563135";"non"
"Mme";"Aisha";"Akhtar";"Ekoloclast";"Paris";"Communication";"Relation Publique et Presse";"Responsable relation média";"Lilith";"Fischer";"P0574";"06/02/1972";"0103154038";"0776144596";"non"
"M.";"Akira";"Alonso";"Ekoloclast";"Paris";"Communication";"Relation Publique et Presse";"Chargé de communication";"Lilith";"Fischer";"P0232";"13/02/2000";"0112523363";"0767977011";"non"
"Mme";"Anaya";"Ben Ali";"Ekoloclast";"Paris";"Communication";"Relation Publique et Presse";"Chargé en droit de la communication";"Lilith";"Fischer";"P0787";"07/03/1984";"0145509492";"0617625864";"non"
"M.";"Daan";"Ebrahimi";"Ekoloclast";"Paris";"Communication";"Relation Publique et Presse";"Chargé de presse";"Lilith";"Fischer";"P0784";"16/08/1970";"0137109098";"0728712373";"non"
"M.";"Enzo";"Giordano";"Ekoloclast";"Paris";"Direction Financière";"Contrôle de Gestion";"Contrôleur de gestion";"Ewa";"Gomez";"P0482";"02/01/1996";"0192895064";"-";"non"
"M.";"Felix";"Gupta";"Ekoloclast";"Paris";"Direction Financière";"Contrôle de Gestion";"Contrôleur de gestion";"Ewa";"Gomez";"P0117";"03/04/1990";"0100419489";"-";"non"
"M.";"Hassan";"Hoàng";"Ekoloclast";"Paris";"Direction Financière";"Contrôle de Gestion";"Contrôleur de gestion";"Ewa";"Gomez";"P0215";"10/09/1989";"0181645274";"-";"non"
"M.";"Isaac";"Ivanov";"Ekoloclast";"Paris";"Direction Financière";"Contrôle de Gestion";"Contrôleur de gestion";"Ewa";"Gomez";"P0036";"01/09/1982";"0133667375";"-";"non"
"M.";"Jin";"Johansson";"Ekoloclast";"Paris";"Direction Financière";"Contrôle de Gestion";"Contrôleur de gestion";"Ewa";"Gomez";"P0223";"30/10/1972";"0178181063";"-";"non"
"M.";"Ewa";"Gomez";"Ekoloclast";"Paris";"Direction Financière";"Finance";"DAF";"Karim";"Kim";"P0173";"04/02/1991";"0192286333";"0755275775";"non"
"Mme";"Gaëlle-Laure";"Hajjar";"Ekoloclast";"Paris";"Direction Financière";"Finance";"Analyste financier";"Ewa";"Gomez";"P0085";"29/06/1987";"0103881843";"-";"non"
"Mme";"Gitània";"Hassan";"Ekoloclast";"Paris";"Direction Financière";"Finance";"Analyste financier";"Ewa";"Gomez";"P0653";"10/12/1993";"0186279253";"-";"non"
"M.";"Hana";"Hijoito";"Ekoloclast";"Paris";"Direction Financière";"Finance";"Analyste financier";"Ewa";"Gomez";"P0778";"21/03/1990";"0138203793";"-";"non"
"Mme";"Ines";"Ibrahimovic";"Ekoloclast";"Paris";"Direction Financière";"Finance";"Analyste financier";"Ewa";"Gomez";"P0261";"01/11/1983";"0148621526";"-";"non"
"Mme";"Jade";"Jafari";"Ekoloclast";"Paris";"Direction Financière";"Finance";"Analyste financier";"Ewa";"Gomez";"P0593";"11/11/1977";"0168553261";"-";"non"
"Mme";"Farah";"Grigore";"Ekoloclast";"Paris";"Direction Financière";"Service Comptabilité";"Comptable";"Ewa";"Gomez";"P0738";"24/01/1985";"0189315903";"-";"non"
"M.";"Iker";"Hosseini";"Ekoloclast";"Paris";"Direction Financière";"Service Comptabilité";"Comptable";"Ewa";"Gomez";"P0342";"22/07/1998";"0155950710";"-";"non"
"M.";"Ivan";"Jacques";"Ekoloclast";"Paris";"Direction Financière";"Service Comptabilité";"Comptable";"Ewa";"Gomez";"P0041";"03/01/1984";"0153607207";"-";"non"
"M.";"Josef";"Karam";"Ekoloclast";"Paris";"Direction Générale";"-";"Directeur adjoint";"Karim";"Kim";"P0029";"01/08/1981";"0115180395";"0668784704";"non"
"M.";"Kai";"Khan";"Ekoloclast";"Paris";"Direction Générale";"-";"Assistant de direction";"Karim";"Kim";"P0780";"24/01/1973";"0198699923";"0612078045";"non"
"M.";"Karim";"Kim";"Ekoloclast";"Paris";"Direction Générale";"-";"CEO";"-";"-";"P0717";"26/05/1970";"0178576845";"0702448459";"non"
"Mme";"Keiko";"Kovács";"Ekoloclast";"Paris";"Direction Générale";"-";"Assistant de direction";"Karim";"Kim";"P0459";"05/04/1974";"0163877690";"0798576239";"non"
"M.";"Kian";"Kowalski";"Ekoloclast";"Paris";"Direction Générale";"-";"Secrétaire";"Josef";"Karam";"P0648";"19/03/1988";"0184274864";"0676933767";"non"
"Mme";"Kira";"Kumar";"Ekoloclast";"Paris";"Direction Générale";"-";"Assistant de direction";"Josef";"Karam";"P0517";"21/01/1974";"0174507925";"0632826644";"non"
"Mme";"Lana";"Larsen";"Ekoloclast";"Paris";"Direction Générale";"-";"Assistant de direction";"Josef";"Karam";"P0535";"17/04/1985";"0177738428";"0606523189";"non"
"M.";"Lars";"Leblanc";"Ekoloclast";"Paris";"Direction Générale";"-";"Secrétaire";"Karim";"Kim";"P0333";"24/06/1992";"0138053053";"0656297307";"non"
"Mme";"Nia";"Park";"Ekoloclast";"Paris";"Direction Marketing";"Marketing Digital";"Community manager";"Nina";"Patel";"P0399";"25/02/1975";"0108300095";"0777610318";"non"
"Mme";"Nina";"Patel";"Ekoloclast";"Paris";"Direction Marketing";"Marketing Digital";"Responsable marketing digital";"Lia";"Liu";"P0224";"13/04/1971";"0153733689";"0609992482";"non"
"M.";"Noam";"Pereira";"Ekoloclast";"Paris";"Direction Marketing";"Marketing Digital";"Analyste web";"Nina";"Patel";"P0523";"24/07/1975";"0140371723";"0648458518";"non"
"M.";"Omar";"Petrov";"Ekoloclast";"Paris";"Direction Marketing";"Marketing Digital";"Content manager";"Nina";"Patel";"P0764";"24/06/1970";"0194196054";"0760489146";"non"
"M.";"Èsteban";"Del Campos";"Ekoloclast";"Paris";"Direction Marketing";"Marketing Opérationnel";"Chargé de promotion";"Mia";"Nguyen";"P0471";"15/03/1988";"0140713435";"0699850248";"non"
"Mme";"Lina";"Lopez";"Ekoloclast";"Paris";"Direction Marketing";"Marketing Opérationnel";"Chargé de promotion";"Mia";"Nguyen";"P0043";"26/07/1972";"0154459066";"0632850032";"non"
"M.";"Édouard";"Ma";"Ekoloclast";"Paris";"Direction Marketing";"Marketing Opérationnel";"Chargé de promotion";"Mia";"Nguyen";"P0379";"08/07/1974";"0170555972";"0674484733";"non"
"Mme";"Mali";"Meier";"Ekoloclast";"Paris";"Direction Marketing";"Marketing Opérationnel";"Chef de projet";"Mia";"Nguyen";"P0489";"24/01/1985";"0123090371";"0629601834";"non"
"M.";"Marco";"Mikhailov";"Ekoloclast";"Paris";"Direction Marketing";"Marketing Opérationnel";"Assistant marketing";"Mia";"Nguyen";"P0040";"22/08/1989";"0102317228";"0616096309";"non"
"Mme";"Maria";"Müller";"Ekoloclast";"Paris";"Direction Marketing";"Marketing Opérationnel";"Assistant marketing";"Mia";"Nguyen";"P0046";"14/08/1975";"0192567313";"0793763664";"non"
"M.";"Mateo";"Nakamura";"Ekoloclast";"Paris";"Direction Marketing";"Marketing Opérationnel";"Coordinateur Marketing";"Mia";"Nguyen";"P0607";"03/07/1975";"0160368928";"0787838091";"non"
"Mme";"Mia";"Nguyen";"Ekoloclast";"Paris";"Direction Marketing";"Marketing Opérationnel";"Responsable Marketing Operationnel";"Lia";"Liu";"P0663";"14/09/1973";"0173974082";"0689838313";"non"
"Mme";"Mila";"Nikolić";"Ekoloclast";"Paris";"Direction Marketing";"Marketing Produit";"Chef de produit";"Naomi";"Pacheco";"P0024";"30/04/1991";"0113242873";"0735615585";"non"
"M.";"Ming";"O’Brien";"Ekoloclast";"Paris";"Direction Marketing";"Marketing Produit";"Chef de produit";"Naomi";"Pacheco";"P0712";"16/09/1980";"0166042807";"0613794690";"non"
"M.";"Mohamed";"Öztürk";"Ekoloclast";"Paris";"Direction Marketing";"Marketing Produit";"Gestionaire de marque";"Naomi";"Pacheco";"P0116";"04/02/1976";"0112542951";"0763563050";"non"
"Mme";"Naomi";"Pacheco";"Ekoloclast";"Paris";"Direction Marketing";"Marketing Produit";"Responsable de gamme";"Lia";"Liu";"P0483";"25/07/1989";"0117830339";"0791316893";"non"
"M.";"Leo";"Lima";"Ekoloclast";"Paris";"Direction Marketing";"Marketing stratégique";"Chef de produit stratégique";"Lia";"Liu";"P0058";"02/02/2000";"0182813076";"0669097724";"non"
"Mme";"Lia";"Liu";"Ekoloclast";"Paris";"Direction Marketing";"Marketing stratégique";"Directeur Marketing Stratégique";"Karim";"Kim";"P0649";"16/04/2000";"0184893437";"0798083548";"non"
"M.";"Orhan";"Popescu";"Ekoloclast";"Paris";"Direction Marketing";"Marketing stratégique";"Analyste marketing";"Lia";"Liu";"P0541";"27/12/1984";"0107504339";"0637936280";"non"
"M.";"Oscar";"Rahman";"Ekoloclast";"Paris";"Direction Marketing";"Marketing stratégique";"Analyste marketing";"Lia";"Liu";"P0601";"16/08/1981";"0157004421";"0785225605";"non"
"M.";"Gaël";"Ramos";"Ekoloclast";"Paris";"Direction Marketing";"Marketing stratégique";"Analyste marketing";"Lia";"Liu";"P0292";"25/09/1971";"0189143158";"0752205346";"non"
"M.";"Paolo";"Rodriguez";"Ekoloclast";"Paris";"Direction Marketing";"Marketing stratégique";"Chef de produit stratégique";"Lia";"Liu";"P0481";"31/07/1983";"0151500979";"0733111117";"non"
"Mme";"Petra";"Rossi";"Ekoloclast";"Paris";"DSI";"-";"DSI";"Karim";"Kim";"P0343";"19/06/1986";"0160239025";"0699164527";"non"
"Mme";"Salma";"Singh";"Ekoloclast";"Paris";"DSI";"Data";"Data scientist";"Petra";"Rossi";"P0267";"13/09/1995";"0125665478";"-";"non"
"Mme";"Sara";"Sousa";"Ekoloclast";"Paris";"DSI";"Data";"Data scientist";"Petra";"Rossi";"P0357";"23/12/1989";"0152484463";"-";"non"
"M.";"Sasha";"Stefanović";"Ekoloclast";"Paris";"DSI";"Data";"Data scientist";"Petra";"Rossi";"P0277";"20/12/1997";"0136592923";"-";"non"
"M.";"Rami";"Sato";"Ekoloclast";"Paris";"DSI";"Développement logiciel";"Développeur";"Petra";"Rossi";"P0249";"20/10/1999";"0180492890";"-";"non"
"M.";"Rayan";"Schneider";"Ekoloclast";"Paris";"DSI";"Développement logiciel";"Développeur";"Petra";"Rossi";"P0124";"31/01/1989";"0147088662";"-";"non"
"Mme";"Rosa";"Silva";"Ekoloclast";"Paris";"DSI";"Développement logiciel";"Intégrateur";"Petra";"Rossi";"P0020";"29/03/1990";"0111558031";"-";"non"
"M.";"Ravi";"Schmidt";"Ekoloclast";"Paris";"DSI";"Support";"Hotliner";"Petra";"Rossi";"P0018";"01/09/1976";"0100344625";"-";"non"
"M.";"Selim";"Subramanian";"Ekoloclast";"Paris";"DSI";"Support";"Hotliner";"Petra";"Rossi";"P0476";"04/02/1979";"0129186164";"-";"non"
"Mme";"Sofia";"Svensson";"Ekoloclast";"Paris";"DSI";"Support";"Hotliner";"Petra";"Rossi";"P0586";"19/03/1980";"0113640136";"-";"non"
"Mme";"Sonia";"Tanaka";"Ekoloclast";"Paris";"DSI";"Support";"Hotliner";"Petra";"Rossi";"P0366";"21/06/1977";"0101988614";"-";"non"
"Mme";"Suri";"Thakur";"Ekoloclast";"Paris";"DSI";"Support";"Hotliner";"Petra";"Rossi";"P0351";"12/04/1983";"0187327760";"-";"non"
"M.";"Baudouin";"Soubrier";"Ekoloclast";"Paris";"DSI";"Système et Réseau";"Technicien";"Pietra";"Rossi";"-";"24/11/1997";"-";"-";"non"
"M.";"Anthony";"Turchi";"Ekoloclast";"Paris";"DSI";"Système et Réseau";"Technicien";"Pietra";"Rossi";"-";"25/03/1988";"-";"-";"non"
"Mme";"Charlène";"Nicolle";"Ekoloclast";"Paris";"DSI";"Système et Réseau";"Technicien";"Pietra";"Rossi";"-";"27/01/1996";"-";"-";"non"
"M.";"Lamine";"Lican";"Ekoloclast";"Paris";"DSI";"Système et Réseau";"Technicien";"Pietra";"Rossi";"-";03/01/2000;"-";"-";"non"
"Mme";"Zara";"André-Louis";"Ekoloclast";"Paris";"R&D";"Innovation et Stratégie";"Chercheur";"Wassim";"Yilmaz";"P0269";"25/09/1980";"0187795281";"0793018779";"non"
"M.";"Zein";"Ben Amar";"Ekoloclast";"Paris";"R&D";"Innovation et Stratégie";"Chercheur";"Wassim";"Yilmaz";"P0776";"12/12/1977";"0178779163";"0763775059";"non"
"Mme";"Zhao";"De la Fuente";"Ekoloclast";"Paris";"R&D";"Innovation et Stratégie";"Chercheur";"Wassim";"Yilmaz";"P0788";"16/07/1999";"0114280802";"0607413538";"non"
"Mme";"Nina";"Kovačević";"Ekoloclast";"Paris";"R&D";"Innovation et Stratégie";"Chercheur";"Wassim";"Yilmaz";"P0162";"12/12/1997";"0153633619";"0680104517";"non"
"Mme";"Valérie";"Lefèvre";"Ekoloclast";"Paris";"R&D";"Innovation et Stratégie";"Chercheur";"Wassim";"Yilmaz";"P0370";"28/05/1979";"0136451472";"0654962868";"non"
"Mme";"Mélanie";"Todorov";"Ekoloclast";"Paris";"R&D";"Innovation et Stratégie";"Chercheur";"Wassim";"Yilmaz";"P0195";"28/08/1974";"0137875902";"0748986446";"non"
"M.";"Tariq";"Tremblay";"Ekoloclast";"Paris";"R&D";"Innovation et Stratégie";"Chercheur";"Wassim";"Yilmaz";"P0235";"26/07/1973";"0144387656";"0747825277";"non"
"Mme";"Uma";"Vidal";"Ekoloclast";"Paris";"R&D";"Innovation et Stratégie";"Chercheur";"Wassim";"Yilmaz";"P0667";"30/12/1978";"0194817650";"0638411616";"non"
"M.";"Victor";"Yamada";"Ekoloclast";"Paris";"R&D";"Innovation et Stratégie";"Chercheur";"Wassim";"Yilmaz";"P0071";"24/01/1971";"0141760493";"0601900221";"non"
"M.";"Wassim";"Yilmaz";"Ekoloclast";"Paris";"R&D";"Innovation et Stratégie";"Responsable Recherche";"Karim";"Kim";"P0467";"07/03/1994";"0145432463";"0667856189";"non"
"Mme";"Yara";"Zaman";"Ekoloclast";"Paris";"R&D";"Innovation et Stratégie";"Chercheur";"Wassim";"Yilmaz";"P0341";"28/02/1972";"0140038617";"0740204016";"non"
"Mme";"Yuki";"Zimmermann";"Ekoloclast";"Paris";"R&D";"Innovation et Stratégie";"Chercheur";"Wassim";"Yilmaz";"P0141";"31/07/1997";"0109648700";"0694081042";"non"
"Mme";"Nora";"Al-Hassan";"Ekoloclast";"Paris";"R&D";"Laboratoire";"Laborantin";"Vera";"Wong";"P0245";"30/12/1995";"0169505634";"-";"non"
"M.";"Teo";"Tsai";"Ekoloclast";"Paris";"R&D";"Laboratoire";"Laborantin";"Vera";"Wong";"P0359";"30/12/1979";"0113785420";"-";"non"
"Mme";"Tina";"Vasquez";"Ekoloclast";"Paris";"R&D";"Laboratoire";"Laborantin";"Vera";"Wong";"P0360";"18/06/1986";"0158323151";"-";"non"
"Mme";"Val";"Weber";"Ekoloclast";"Paris";"R&D";"Laboratoire";"Laborantin";"Vera";"Wong";"P0216";"20/04/1990";"0196349372";"-";"non"
"Mme";"Vera";"Wong";"Ekoloclast";"Paris";"R&D";"Laboratoire";"Responsable Laboratoire";"Wassim";"Yilmaz";"P0047";"24/01/1987";"0199876628";"0694122527";"non"
"Mme";"Asma";"Bauer";"Ekoloclast";"Paris";"RH";"-";"Directeur-Adjoint RH";"Ayaan";"Benitez";"P0105";"26/11/1988";"0182037421";"0770673819";"non"
"Mme";"Ayaan";"Benitez";"Ekoloclast";"Paris";"RH";"-";"Directeur RH";"Karim";"Kim";"P0328";"08/11/1989";"0131625429";"0689914715";"non"
"M.";"Basma";"Berisha";"Ekoloclast";"Paris";"RH";"Formation";"Formateur";"Asma";"Bauer";"P0044";"25/06/1990";"0132404086";"0731355860";"non"
"M.";"Benedikt";"Bianchia";"Ekoloclast";"Paris";"RH";"Formation";"Formateur";"Asma";"Bauer";"P0516";"20/01/1975";"0163720761";"0681305279";"non"
"Mme";"Céline";"Bonnet";"Ekoloclast";"Paris";"RH";"Formation";"Formateur";"Asma";"Bauer";"P0772";"17/05/1980";"0183686918";"0675781283";"non"
"Mme";"Anouk";"Abadi";"Ekoloclast";"Paris";"RH";"Gestion des performances";"Agent RH";"Asma";"Bauer";"P0595";"06/04/1983";"0140703593";"-";"non"
"M.";"Arjun";"Al-Mansur";"Ekoloclast";"Paris";"RH";"Gestion des performances";"Agent RH";"Asma";"Bauer";"P0038";"14/11/1970";"0122773262";"-";"non"
"M.";"Bruno";"Blanchard";"Ekoloclast";"Paris";"RH";"Gestion des performances";"Agent RH";"Asma";"Bauer";"P0167";"15/06/1999";"0167675624";"-";"non"
"Mme";"Aida";"Di Lorenzo";"Ekoloclast";"Paris";"RH";"Gestion des performances";"Agent RH";"Asma";"Bauer";"P0104";"14/11/1998";"0112828642";"-";"non"
"Mme";"Amara";"Moreira";"Ekoloclast";"Paris";"RH";"Gestion des performances";"Agent RH";"Asma";"Bauer";"P0202";"23/03/1978";"0179950819";"-";"non"
"Mme";"Anja";"Schaefer";"Ekoloclast";"Paris";"RH";"Gestion des performances";"Agent RH";"Asma";"Bauer";"P0644";"10/03/1974";"0101455266";"-";"non"
"M.";"Alessio";"Van de Berg";"Ekoloclast";"Paris";"RH";"Gestion des performances";"Agent RH";"Asma";"Bauer";"P0536";"12/02/1992";"0197320056";"-";"non"
"M.";"Ahmed";"Van der Meer";"Ekoloclast";"Paris";"RH";"Gestion des performances";"Agent RH";"Asma";"Bauer";"P0450";"21/12/1998";"0115552280";"-";"non"
"Mme";"Zoé";"De Oliveira";"Ekoloclast";"Paris";"RH";"Recrutement";"Agent RH";"Asma";"Bauer";"P0669";"04/04/1993";"0172264072";"-";"non"
"Mme";"Dasha";"Demir";"Ekoloclast";"Paris";"RH";"Recrutement";"Agent RH";"Asma";"Bauer";"P0490";"26/08/1973";"0135703741";"-";"non"
"Mme";"Dina";"Ekström";"Ekoloclast";"Paris";"RH";"Recrutement";"Agent RH";"Asma";"Bauer";"P0461";"06/12/1999";"0149763304";"-";"non"
"M.";"Dorian";"Fabbri";"Ekoloclast";"Paris";"RH";"Recrutement";"Agent RH";"Asma";"Bauer";"P0485";"25/09/1989";"0117809759";"-";"non"
"M.";"Diego";"Le Roux";"Ekoloclast";"Paris";"RH";"Recrutement";"Agent RH";"Asma";"Bauer";"P0708";"31/07/1985";"0141195702";"-";"non"
"M.";"Adel";"Van den Broek";"Ekoloclast";"Paris";"RH";"Recrutement";"Agent RH";"Asma";"Bauer";"P0718";"29/04/1977";"0127581612";"-";"non"
"Mme";"Chandra";"Campos";"Ekoloclast";"Paris";"RH";"Santé et sécurité au travail";"Technicien HSE";"Asma";"Bauer";"P0504";"26/04/1983";"0115129658";"0696681410";"non"
"M.";"Ciro";"Carvalho";"Ekoloclast";"Paris";"RH";"Santé et sécurité au travail";"Technicien HSE";"Asma";"Bauer";"P0445";"31/05/1998";"0109971876";"0753814244";"non"
"M.";"Clement";"Chavez";"Ekoloclast";"Paris";"RH";"Santé et sécurité au travail";"Technicien HSE";"Asma";"Bauer";"P0068";"08/01/1977";"0161436564";"0647307941";"non"
"Mme";"Dahlia";"Chevalier";"Ekoloclast";"Paris";"RH";"Santé et sécurité au travail";"Auditeur";"Asma";"Bauer";"P0501";"25/11/1991";"0116965937";"0665661105";"non"
"M.";"Dario";"Costa";"Ekoloclast";"Paris";"RH";"Santé et sécurité au travail";"Animateur sécurité";"Asma";"Bauer";"P0594";"26/02/1984";"0128722103";"0655179627";"non"
"M.";"Mohamed";"Al-Amin";"Ekoloclast";"Paris";"Service Généraux";"Gestion Immobilière";"Gestionnaire immobilier";"Jean-Pascal";"Millith";"P0616";"09/12/1992";"0113094077";"-";"non"
"M.";"Egon";"Ferreira";"Ekoloclast";"Paris";"Service Généraux";"Gestion Immobilière";"Gestionnaire immobilier";"Jean-Pascal";"Millith";"P0293";"23/07/1982";"0131279927";"-";"non"
"Mme";"Edina";"Faria";"Ekoloclast";"Paris";"Service Généraux";"Logistique";"Agent logistique";"Jean-Pascal";"Millith";"P0454";"17/12/1970";"0137106437";"0686930017";"non"
"Mme";"Elina";"Fontaine";"Ekoloclast";"Paris";"Service Généraux";"Logistique";"Agent logistique";"Jean-Pascal";"Millith";"P0680";"02/10/1989";"0170707576";"0764635179";"non"
"Mme";"Elvira";"Fournier";"Ekoloclast";"Paris";"Service Généraux";"Logistique";"Agent logistique";"Jean-Pascal";"Millith";"P0039";"08/03/1970";"0198392357";"0702281809";"non"
"Mme";"Esma";"Fuentes";"Ekoloclast";"Paris";"Service Généraux";"Logistique";"Agent logistique";"Jean-Pascal";"Millith";"P0711";"31/08/1975";"0199846444";"0603807402";"non"
"M.";"Farid";"Gallardo";"Ekoloclast";"Paris";"Service Généraux";"Logistique";"Agent logistique";"Jean-Pascal";"Millith";"P0728";"17/11/1980";"0128416520";"0734782819";"non"
"M.";"Fabio";"Gallego";"Ekoloclast";"Paris";"Service Généraux";"Logistique";"Agent logistique";"Jean-Pascal";"Millith";"P0367";"05/11/1976";"0110183212";"0766638327";"non"
"Mme";"Frida";"Girão";"Ekoloclast";"Paris";"Service Généraux";"Logistique";"Agent logistique";"Jean-Pascal";"Millith";"P0096";"29/11/1998";"0183976554";"0604266370";"non"
"Mme";"Aurélie";"Guichard";"Ekoloclast";"Paris";"Service Généraux";"Logistique";"Agent logistique";"Jean-Pascal";"Millith";"P0745";"02/10/1989";"0156284504";"0630771729";"non"
"Mme";"Gisèle";"Gupta";"Ekoloclast";"Paris";"Service Généraux";"Logistique";"Agent logistique";"Jean-Pascal";"Millith";"P0558";"01/04/1999";"0127525202";"0698121096";"non"
"M.";"Jean-Pascal";"Millith";"Ekoloclast";"Paris";"Service Généraux";"Logistique";"Responsable Logistique";"Ewa";"Gomez";"P0308";"11/09/1992";"0165959588";"0725806448";"non"
"M.";"Goran";"Gutierrez";"Ekoloclast";"Paris";"Service Juridique";"Contentieux";"Juriste";"Hugo";"Huber";"P0654";"14/07/1974";"0198639108";"-";"non"
"M.";"Hakim";"Hayashi";"Ekoloclast";"Paris";"Service Juridique";"Contentieux";"Juriste";"Hugo";"Huber";"P0557";"07/09/1981";"0146653993";"-";"non"
"M.";"Hawa";"Hidalgo";"Ekoloclast";"Paris";"Service Juridique";"Contentieux";"Juriste";"Hugo";"Huber";"P0618";"18/04/1982";"0162548306";"-";"non"
"Mme";"Greta";"Thùrloovïk";"Ekoloclast";"Paris";"Service Juridique";"Contentieux";"Juriste";"Hugo";"Huber";"P0588";"04/08/1998";"0148472392";"-";"non"
"M.";"Hugo";"Huber";"Ekoloclast";"Paris";"Service Juridique";"Contrats";"Responsable Juridique";"Karim";"Kim";"P0198";"15/06/1998";"0145303360";"0773550482";"non"
"M.";"Illiès";"Imam";"Ekoloclast";"Paris";"Service Juridique";"Contrats";"Juriste";"Hugo";"Huber";"P0491";"15/02/1994";"0194941606";"-";"non"
"M.";"Imran";"Inoue";"Ekoloclast";"Paris";"Service Juridique";"Contrats";"Juriste";"Hugo";"Huber";"P0368";"22/05/1976";"0141898855";"-";"non"
"Mme";"Indira";"Jin";"Ekoloclast";"Paris";"Service Juridique";"Contrats";"Juriste";"Hugo";"Huber";"P0175";"28/02/1974";"0103799126";"-";"non"
"Mme";"Jana";"Koenig";"Ekoloclast";"Paris";"Ventes et Développement Commercial";"ADV";"Gestionnaire ADV";"Marwan";"Orozco";"P0734";"17/03/1990";"0184227004";"0602772816";"non"
"M.";"Jeremias";"Kojima";"Ekoloclast";"Paris";"Ventes et Développement Commercial";"ADV";"Gestionnaire ADV";"Marwan";"Orozco";"P0122";"20/09/1970";"0112220850";"0705492767";"non"
"Mme";"Kristina";"Lombardi";"Ekoloclast";"Paris";"Ventes et Développement Commercial";"ADV";"Gestionnaire ADV";"Marwan";"Orozco";"P0428";"03/03/1995";"0170606512";"0701519889";"non"
"M.";"Malik";"Moulin";"Ekoloclast";"Paris";"Ventes et Développement Commercial";"ADV";"Gestionnaire ADV";"Marwan";"Orozco";"P0705";"24/06/1976";"0196023881";"0686992516";"non"
"Mme";"Manon";"Nakajima";"Ekoloclast";"Paris";"Ventes et Développement Commercial";"ADV";"Gestionnaire ADV";"Marwan";"Orozco";"P0777";"11/03/1983";"0119594376";"0768119524";"non"
"M.";"Marwan";"Orozco";"Ekoloclast";"Paris";"Ventes et Développement Commercial";"ADV";"Responsable ADV";"Paul";"Santana";"P0572";"05/08/1976";"0189248436";"0668251481";"non"
"Mme";"Priya";"Sato";"Ekoloclast";"Paris";"Ventes et Développement Commercial";"ADV";"Gestionnaire ADV";"Marwan";"Orozco";"P0456";"10/04/1977";"0173393432";"0718755210";"non"
"Mme";"Olga";"Üt";"Ekoloclast";"Paris";"Ventes et Développement Commercial";"ADV";"Gestionnaire ADV";"Marwan";"Orozco";"P0180";"30/05/1991";"0185645741";"0785401077";"non"
"Mme";"Zoé";"Karimi";"Ekoloclast";"Paris";"Ventes et Développement Commercial";"B2B";"Commercial";"Khadija";"Lindgren";"P0086";"04/05/1989";"0145709811";"0792624936";"oui"
"M.";"Jafar";"Klein";"Ekoloclast";"Paris";"Ventes et Développement Commercial";"B2B";"Commercial";"Khadija";"Lindgren";"P0182";"22/12/1995";"0108775621";"0685410356";"oui"
"Mme";"Jun";"Lacroix";"Ekoloclast";"Paris";"Ventes et Développement Commercial";"B2B";"Commercial";"Khadija";"Lindgren";"P0053";"30/03/1991";"0133377258";"0611551242";"oui"
"Mme";"Katia";"Lemoine";"Ekoloclast";"Paris";"Ventes et Développement Commercial";"B2B";"Commercial";"Khadija";"Lindgren";"P0606";"30/12/1989";"0107773755";"0611737329";"oui"
"Mme";"Khadija";"Lindgren";"Ekoloclast";"Paris";"Ventes et Développement Commercial";"B2B";"Responsable B2B";"Paul";"Santana";"P0188";"06/01/1990";"0178123543";"0635656037";"oui"
"Mme";"Leon";"Lu";"Ekoloclast";"Paris";"Ventes et Développement Commercial";"B2B";"Commercial";"Khadija";"Lindgren";"P0369";"30/08/1976";"0135433973";"0778840637";"oui"
"Mme";"Lucia";"Morales";"Ekoloclast";"Paris";"Ventes et Développement Commercial";"B2B";"Commercial";"Khadija";"Lindgren";"P0186";"05/04/1979";"0174589444";"0788960245";"oui"
"M.";"Jérôme";"Morin";"Ekoloclast";"Paris";"Ventes et Développement Commercial";"B2B";"Commercial";"Khadija";"Lindgren";"P0077";"16/04/1971";"0192625782";"0633376803";"oui"
"Mme";"Marina";"Navarro";"Ekoloclast";"Paris";"Ventes et Développement Commercial";"B2B";"Commercial";"Khadija";"Lindgren";"P0707";"22/03/1971";"0131091659";"0791275326";"oui"
"M.";"Martin";"Nogueira";"Ekoloclast";"Paris";"Ventes et Développement Commercial";"B2B";"Commercial";"Khadija";"Lindgren";"P0390";"28/08/1979";"0116147572";"0612044334";"oui"
"Mme";"Mariam";"Nunes";"Ekoloclast";"Paris";"Ventes et Développement Commercial";"B2B";"Commercial";"Khadija";"Lindgren";"P0099";"16/08/1989";"0163589052";"0698556201";"oui"
"M.";"Pierre";"Santos";"Ekoloclast";"Paris";"Ventes et Développement Commercial";"B2B";"Commercial";"Khadija";"Lindgren";"P0528";"28/05/1988";"0126829911";"0754982135";"oui"
"Mme";"Leonie";"Machado";"Ekoloclast";"Paris";"Ventes et Développement Commercial";"B2C";"Commercial";"Marek";"Nascimento";"P0241";"25/01/1994";"0119687119";"0625993239";"oui"
"M.";"Loic";"Mercier";"Ekoloclast";"Paris";"Ventes et Développement Commercial";"B2C";"Commercial";"Marek";"Nascimento";"P0524";"13/01/1974";"0116812833";"0676900215";"oui"
"Mme";"Lou";"Monteiro";"Ekoloclast";"Paris";"Ventes et Développement Commercial";"B2C";"Commercial";"Marek";"Nascimento";"P0408";"11/07/1982";"0174379629";"0635913014";"oui"
"M.";"Luis";"Morel";"Ekoloclast";"Paris";"Ventes et Développement Commercial";"B2C";"Commercial";"Marek";"Nascimento";"P0775";"15/02/1981";"0199934167";"0743570154";"oui"
"M.";"Marek";"Nascimento";"Ekoloclast";"Paris";"Ventes et Développement Commercial";"B2C";"Responsable B2C";"Paul";"Santana";"P0031";"09/08/1998";"0194740234";"0615375578";"oui"
"Mme";"Lisbeth";"Ô Tool";"Ekoloclast";"Paris";"Ventes et Développement Commercial";"B2C";"Commercial";"Marek";"Nascimento";"P0659";"08/06/1984";"0142902989";"0752201129";"oui"
"Mme";"Ivana";"Kaya";"Ekoloclast";"Paris";"Ventes et Développement Commercial";"Dév international";"Commercial";"Paul";"Santana";"P0710";"14/03/1976";"0121912626";"0737563611";"oui"
"M.";"Jordi";"Kouadio";"Ekoloclast";"Paris";"Ventes et Développement Commercial";"Dév international";"Commercial";"Paul";"Santana";"P0042";"05/02/1988";"0170047366";"0631423219";"oui"
"M.";"Lorenzo";"Meyer";"Ekoloclast";"Paris";"Ventes et Développement Commercial";"Dév international";"Commercial";"Paul";"Santana";"P0194";"21/10/1995";"0130136517";"0799311104";"oui"
"Mme";"Nelly";"Ramírez";"Ekoloclast";"Paris";"Ventes et Développement Commercial";"Dév international";"Commercial";"Paul";"Santana";"P0260";"14/07/1980";"0102724116";"0724827047";"oui"
"M.";"Paul";"Santana";"Ekoloclast";"Paris";"Ventes et Développement Commercial";"Dév international";"Directrice Commercial";"Karim";"Kim";"P0362";"27/06/1973";"0127518493";"0744720692";"oui"
"Mme";"Luna";"García";"Ekoloclast";"Paris";"Ventes et Développement Commercial";"Grands Comptes";"Commercial";"Niels";"Reyes";"P0033";"09/08/1986";"0132935734";"0634335136";"oui"
"Mme";"Leila";"Lozano";"Ekoloclast";"Paris";"Ventes et Développement Commercial";"Grands Comptes";"Commercial";"Niels";"Reyes";"P0460";"18/06/1987";"0180134516";"0710917834";"oui"
"M.";"Niels";"Reyes";"Ekoloclast";"Paris";"Ventes et Développement Commercial";"Grands Comptes";"Responsable Grands Comptes";"Paul";"Santana";"P0628";"06/12/1973";"0141915920";"0779466973";"oui"
"Mme";"Noemi";"Rizzo";"Ekoloclast";"Paris";"Ventes et Développement Commercial";"Grands Comptes";"Commercial";"Niels";"Reyes";"P0783";"22/02/1971";"0139798929";"0729966375";"oui"
"M.";"Otto";"Ruiz";"Ekoloclast";"Paris";"Ventes et Développement Commercial";"Grands Comptes";"Commercial";"Niels";"Reyes";"P0709";"03/01/1976";"0185059531";"0723385865";"oui"
"M.";"Kenji";"Leroy";"Ekoloclast";"Paris";"Ventes et Développement Commercial";"Service achat";"Acheteur";"Olga";"Roux";"P0348";"12/07/1982";"0112777398";"0665247366";"non"
"M.";"Liam";"Marques";"Ekoloclast";"Paris";"Ventes et Développement Commercial";"Service achat";"Acheteur";"Olga";"Roux";"P0363";"21/06/1978";"0139985010";"0698997028";"non"
"M.";"Mira";"Pellegrini";"Ekoloclast";"Paris";"Ventes et Développement Commercial";"Service achat";"Acheteur";"Olga";"Roux";"P0493";"05/12/1999";"0180956625";"0740080910";"non"
"M.";"Moussa";"Pham";"Ekoloclast";"Paris";"Ventes et Développement Commercial";"Service achat";"Acheteur";"Olga";"Roux";"P0569";"20/06/1985";"0138646142";"0704322288";"non"
"Mme";"Olga";"Roux";"Ekoloclast";"Paris";"Ventes et Développement Commercial";"Service achat";"Responsable achat";"Paul";"Santana";"P0584";"16/02/1991";"0182744358";"0733632584";"non"
"Mme";"Isaùra";"Jovanović";"Ekoloclast";"Paris";"Ventes et Développement Commercial";"Service Client";"Responsable Service Client";"Paul";"Santana";"P0451";"05/09/1993";"0131575061";"0730476005";"non"
"M.";"Mounir";"Petit";"Ekoloclast";"Paris";"Ventes et Développement Commercial";"Service Client";"Agent Client";"Isaùra";"Jovanović";"P0243";"13/04/1974";"0158456954";"0749174856";"non"
"Mme";"Nadia";"Pires";"Ekoloclast";"Paris";"Ventes et Développement Commercial";"Service Client";"Agent Client";"Isaùra";"Jovanović";"P0291";"06/06/1981";"0109786937";"0686781565";"non"
"M.";"Nael";"Prado";"Ekoloclast";"Paris";"Ventes et Développement Commercial";"Service Client";"Agent Client";"Isaùra";"Jovanović";"P0425";"15/05/1987";"0122185487";"0764889123";"non"
"Mme";"Paloma";"Salvador";"Ekoloclast";"Paris";"Ventes et Développement Commercial";"Service Client";"Agent Client";"Isaùra";"Jovanović";"P0019";"03/02/1973";"0178205904";"0681608883";"non"
